Species,CAS,Ref,Type,YSI,YSI_err,SMILES,YSI_pred,YSI_pred_low,YSI_pred_high,cv_outlier
"1,2-diphenylbenzene",84-15-1,2.0,aromatic,1338.9,50.0,c1ccc(-c2ccccc2-c2ccccc2)cc1,1196.5829049823824,1119.451121399855,1272.4025835209147,False
cyclopenta[def]phenanthrene,203-64-5,2.0,aromatic,1312.8,73.5,c1cc2c3c(c1)ccc1cccc(c13)C2,1323.6759483704318,1235.7615697262597,1423.1849692101277,False
fluoranthene,206-44-0,2.0,aromatic,1291.9,72.4,c1ccc2c(c1)-c1cccc3cccc-2c13,1532.5919406967719,1448.5664295685015,1615.728798826923,False
"1,3-diphenylbenzene",92-06-8,2.0,aromatic,1286.6,72.3,c1ccc(-c2cccc(-c3ccccc3)c2)cc1,1207.6382217101718,1134.309034931317,1283.7146990876583,False
pyrene,129-00-0,2.0,aromatic,1250.1,70.1,c1cc2ccc3cccc4ccc(c1)c2c34,1335.135424956211,1257.1363829281113,1420.529301190807,False
4-benzyl-biphenyl,613-42-3,2.0,aromatic,1192.6,67.2,c1ccc(Cc2ccc(-c3ccccc3)cc2)cc1,1140.444186781806,1032.4484783811977,1225.1212902252535,False
9-methylanthracene,779-02-2,2.0,aromatic,1182.1,44.1,Cc1c2ccccc2cc2ccccc12,1009.1710679785762,953.6033330021536,1066.5153918828464,False
1-phenylnaphthalene,605-02-7,2.0,aromatic,1103.7,41.4,c1ccc(-c2cccc3ccccc23)cc1,1077.3205183956638,1032.3230485757435,1122.9088819063425,False
triphenylmethane,519-73-3,2.0,aromatic,1093.3,61.5,c1ccc(C(c2ccccc2)c2ccccc2)cc1,830.289758931928,682.4921792226977,988.1934250257284,True
dibenzosuberane,833-48-7,2.0,aromatic,1067.2,40.1,c1ccc2c(c1)CCc1ccccc1C2,841.5955404939282,753.8123684488671,918.8349252361268,False
1-methylfluorene,1730-37-6,2.0,aromatic,1014.9,38.2,Cc1cccc2c1Cc1ccccc1-2,1116.673925943232,1045.9534418751741,1195.7443608744497,False
"9,10-dihydroanthracene",613-31-0,2.0,aromatic,988.8,37.0,c1ccc2c(c1)Cc1ccccc1C2,953.1166853998945,782.9076598739125,1116.937237882089,False
fluorene,86-73-7,2.0,aromatic,988.8,37.0,c1ccc2c(c1)Cc1ccccc1-2,1039.168329328491,964.9010717997071,1118.553396236536,False
"2,2Í-dimethylbiphenyl",605-39-0,2.0,aromatic,983.5,36.9,Cc1ccccc1-c1ccccc1C,791.8399360452097,751.7811247827796,828.5957909268873,False
anthracene,120-12-7,2.0,aromatic,962.6,103.7,c1ccc2cc3ccccc3cc2c1,947.6759471686316,892.1261391041598,1001.7580712304916,False
"9,10-dihydrophenanthrene",776-35-2,2.0,aromatic,952.2,35.7,c1ccc2c(c1)CCc1ccccc1-2,937.1903955407281,875.1273565498096,998.3773702846668,False
phenanthrene,85-01-8,2.0,aromatic,941.7,35.1,c1ccc2c(c1)ccc1ccccc12,946.8204851690421,887.7267978276024,1000.7405878601718,False
2-phenylindene,4505-48-0,2.0,aromatic,931.3,35.0,C1=C(c2ccccc2)Cc2ccccc21,832.0490136942815,741.1868117130709,903.1632309359171,False
"3,3Í-dimethylbiphenyl",612-75-9,2.0,aromatic,931.3,52.9,Cc1cccc(-c2cccc(C)c2)c1,796.5115900624545,757.7231053920685,834.3135773107125,False
"4,4Í-dimethylbiphenyl",613-33-2,2.0,aromatic,899.9,51.2,Cc1ccc(-c2ccc(C)cc2)cc1,798.4297854997412,759.235960467921,834.1731233040452,False
2-methylbiphenyl,643-58-3,2.0,aromatic,863.3,32.5,Cc1ccccc1-c1ccccc1,720.8099539343888,682.9094806051402,760.8978256681575,False
4-pentylbiphenyl,7116-96-3,2.0,aromatic,863.3,32.5,CCCCCc1ccc(-c2ccccc2)cc1,795.058647079001,761.785572527662,833.0716338119971,False
4-butylbiphenyl,37909-95-8,2.0,aromatic,847.7,31.8,CCCCc1ccc(-c2ccccc2)cc1,789.6863656048574,750.7015453381658,832.2629518405598,False
4-propylbiphenyl,10289-45-9,2.0,aromatic,821.5,30.6,CCCc1ccc(-c2ccccc2)cc1,784.9810390017958,748.466933731144,824.0238064277659,False
4-ethylbiphenyl,5707-44-8,2.0,aromatic,811.1,30.5,CCc1ccc(-c2ccccc2)cc1,779.0700503739241,742.4593828243292,822.758123124119,False
"1,1-diphenylpropane",1530-03-6,2.0,aromatic,805.8,30.5,CCC(c1ccccc1)c1ccccc1,552.6296171470901,417.3193612955809,682.4139529627715,True
acenaphthene,83-32-9,2.0,aromatic,805.8,30.5,c1cc2c3c(cccc3c1)CC2,807.5792427179751,754.4033375723974,861.2179314638793,False
"1,5-dimethylnaphthalene",571-61-9,2.0,aromatic,779.7,29.3,Cc1cccc2c(C)cccc12,666.3651672065748,639.9514075704914,697.5016840139408,False
3-methylbiphenyl,643-93-6,2.0,aromatic,779.7,29.3,Cc1cccc(-c2ccccc2)c1,724.7347749289211,684.7974043447839,763.3151945975637,False
"2,6-dimethylnaphthalene",581-42-0,2.0,aromatic,774.5,29.2,Cc1ccc2cc(C)ccc2c1,666.1331839466454,638.3022812521115,695.1420431556854,False
4-methylbiphenyl,644-08-6,2.0,aromatic,769.3,28.7,Cc1ccc(-c2ccccc2)cc1,726.1675258522092,691.2416236101972,766.4944506471223,False
"trans 1,2-diphenylpropene",833-81-8,2.0,aromatic,753.6,28.5,C/C(=C\c1ccccc1)c1ccccc1,541.1596449987783,481.6314233198704,594.1456337968514,False
"2,3-dimethylnaphthalene",581-40-8,2.0,aromatic,748.4,28.0,Cc1cc2ccccc2cc1C,666.9354094602359,638.8477291942597,696.1624650433586,False
"1,1-diphenylethylene",530-48-3,2.0,aromatic,743.1,28.0,C=C(c1ccccc1)c1ccccc1,554.8049901555314,419.81145607359286,691.2103761012995,True
"1,2-dimethylnaphthalene",573-98-8,2.0,aromatic,743.1,28.0,Cc1ccc2ccccc2c1C,666.0471654587043,637.9989489540418,696.666138628665,False
"1,3-dimethylnaphthalene",575-41-7,2.0,aromatic,743.1,28.0,Cc1cc(C)c2ccccc2c1,666.9829624896906,637.6129650746565,695.5335190526542,False
1-ethylnaphthalene,1127-76-0,2.0,aromatic,732.7,27.4,CCc1cccc2ccccc12,647.3684945494006,615.611411484383,674.7060511383971,False
"2,2-diphenylpropane",778-22-3,2.0,aromatic,727.5,27.3,CC(C)(c1ccccc1)c1ccccc1,558.3321779265041,430.2177041043233,702.6179752581739,True
"1,4-dimethylnaphthalene",571-58-4,2.0,aromatic,711.8,26.7,Cc1ccc(C)c2ccccc12,668.4329358033729,640.0173591466463,701.8842794885559,False
2-ethylnaphthalene,939-27-5,2.0,aromatic,701.3,26.6,CCc1ccc2ccccc2c1,648.8294154984918,616.746667083027,675.5661149983115,False
1-methylnaphthalene,90-12-0,2.0,aromatic,649.1,24.7,Cc1cccc2ccccc12,596.539288845546,568.0695642427709,621.706247880655,False
2-methylnaphthalene,91-57-6,2.0,aromatic,649.1,24.7,Cc1ccc2ccccc2c1,595.6499489087769,569.3512184348515,621.5581887587947,False
diphenylacetylene,501-65-5,2.0,aromatic,638.6,24.1,C(#Cc1ccccc1)c1ccccc1,602.6233196261023,545.7363860112532,656.252666678306,False
biphenyl,92-52-4,2.0,aromatic,612.5,22.9,c1ccc(-c2ccccc2)cc1,661.1500137996536,618.7195100853705,699.4596905848048,False
diphenylmethane,101-81-5,2.0,aromatic,612.5,22.9,c1ccc(Cc2ccccc2)cc1,563.2452489372109,436.0684340515356,688.0948103302653,False
"1,5-dimethyltetralin",21564-91-0,2.0,aromatic,607.3,22.9,Cc1cccc2c1CCCC2C,552.068341302961,483.31410080702824,628.0484176661411,False
"cis 1,2-diphenylethylene",645-49-8,2.0,aromatic,602.0,22.8,C(=C\c1ccccc1)\c1ccccc1,520.4288412592863,476.0799028321257,565.358693428751,False
"trans 1,2-diphenylethylene",103-30-0,2.0,aromatic,602.0,34.8,C(=C/c1ccccc1)\c1ccccc1,525.5338833321939,478.57412910569843,566.700861814811,False
hexamethylbenzene,87-85-4,2.0,aromatic,565.4,21.5,Cc1c(C)c(C)c(C)c(C)c1C,529.8695180703749,486.73049884592757,565.9524376708571,False
"4,4Í-dimethylbibenzyl",538-39-6,2.0,aromatic,549.8,20.9,Cc1ccc(CCc2ccc(C)cc2)cc1,592.2123326960241,570.9722743890968,617.9611863118764,False
"1-ethynyl-2,5-dimethylbenzene",74331-70-7,1.0,aromatic,512.7,19.6,C#Cc1cc(C)ccc1C,455.96987890361936,425.7747744565347,483.25433106975316,False
2-methylindene,2177-47-1,1.0,aromatic,500.1,19.1,CC1=Cc2ccccc2C1,495.32186510407905,439.98981531331907,552.2463486059468,False
azulene,275-51-4,2.0,aromatic,492.3,19.0,c1ccc2cccc-2cc1,643.0747784217112,606.8418462080767,684.0259198530398,False
1-ethynyl-2-methylbenzene,766-47-2,1.0,aromatic,485.0,18.5,C#Cc1ccccc1C,382.3850161392215,353.9340057672966,407.611360146153,False
pentamethylbenzene,700-12-9,2.0,aromatic,481.8,18.4,Cc1cc(C)c(C)c(C)c1C,461.1542598781679,432.46278396086643,493.6416250211225,False
(1-butynyl)-benzene,622-76-4,1.0,aromatic,480.8,18.4,CCC#Cc1ccccc1,324.1702275320058,299.00141884548316,351.9824179687701,False
bibenzyl,103-29-7,2.0,aromatic,471.4,17.9,c1ccc(CCc2ccccc2)cc1,447.1716381474436,427.4660832464331,467.87050798159635,False
"1-ethenyl-2,5-dimethylbenzene",2039-89-6,1.0,aromatic,469.3,17.8,C=Cc1cc(C)ccc1C,411.8075461556976,384.1119410333546,436.7457959856481,False
indene,95-13-6,1.0,aromatic,467.7,17.8,C1=Cc2ccccc2C1,465.8355081326781,403.82119684969126,519.039893461147,False
"1,2-dihydronaphthalene",447-53-0,1.0,aromatic,466.1,17.8,C1=Cc2ccccc2CC1,480.47721675410776,423.8542553150525,538.6230096728248,False
naphthalene,91-20-3,1.0,aromatic,466.1,8.4,c1ccc2ccccc2c1,568.5334598907432,535.284667743889,604.2822537466831,False
(2-propynyl)-benzene,10147-11-2,1.0,aromatic,443.7,17.1,C#CCc1ccccc1,254.3374192402606,240.45849349632692,265.7286347602292,False
1-ethynyl-4-ethylbenzene,40307-11-7,1.0,aromatic,442.6,17.1,C#Cc1ccc(CC)cc1,439.93821577529616,412.98594358336277,471.7154440970495,False
indane,496-11-7,1.0,aromatic,439.5,16.6,c1ccc2c(c1)CCC2,378.87479129294866,322.0617554765004,432.8573769796205,False
(2-methyl-1-propenyl)-benzene,768-49-0,1.0,aromatic,436.9,16.6,CC(C)=Cc1ccccc1,283.4321049963106,261.1962926714025,304.32728120231184,False
(1-propynyl)-benzene,673-32-5,1.0,aromatic,427.5,16.5,CC#Cc1ccccc1,320.31824811761766,292.6505754773226,348.164773246069,False
"1,3-diphenylpropane",1081-75-0,2.0,aromatic,413.9,15.9,c1ccc(CCCc2ccccc2)cc1,455.8293180155214,437.4350406711082,478.2507745658692,False
4-tert-butylbenzene,98-51-1,1.0,aromatic,410.8,15.9,Cc1ccc(C(C)(C)C)cc1,364.3794312079817,308.53810036496554,417.1190030293305,False
1-ethenyl-2-methylbenzene,611-15-4,1.0,aromatic,408.1,15.9,C=Cc1ccccc1C,339.49192717331687,317.02550430008813,360.8646032350886,False
"1,2,3,4-tetramethylbenzene",488-23-3,1.0,aromatic,393.0,15.3,Cc1ccc(C)c(C)c1C,390.090075721737,366.11560012796383,414.68964488847257,False
"1,2,4,5-tetramethylbenzene",95-93-2,2.0,aromatic,393.0,15.3,Cc1cc(C)c(C)cc1C,389.944432688417,366.7275786010416,416.5902139408268,False
"1,2,3,5-tetramethylbenzene",527-53-7,1.0,aromatic,386.2,14.8,Cc1cc(C)c(C)c(C)c1,391.3936617013893,366.0863761640029,414.6454871820089,False
1-ethynyl-3-methylbenzene,766-82-5,1.0,aromatic,384.6,14.7,C#Cc1cccc(C)c1,389.8894602495882,361.51794698889694,414.9804151001861,False
cyclohexylbenzene,827-52-1,2.0,aromatic,377.3,14.7,c1ccc(C2CCCCC2)cc1,367.65365471992584,282.97073176887875,451.0813375609116,False
"1,2-diethylbenzene",135-01-3,1.0,aromatic,376.3,14.7,CCc1ccccc1CC,351.37311087508226,327.9207168302632,373.57551283218703,False
1-ethynyl-4-methylbenzene,766-97-2,1.0,aromatic,374.7,14.7,C#Cc1ccc(C)cc1,390.44438517290484,363.0911050075983,417.0399319244438,False
"1,3-diisopropylbenzene",99-62-7,1.0,aromatic,353.3,14.0,CC(C)c1cccc(C(C)C)c1,303.66963343715054,253.0644222130748,364.6762053478864,False
(1-propenyl)-benzene,637-50-3,1.0,aromatic,352.2,13.5,C/C=C/c1ccccc1,275.9231089579562,252.96586441680117,298.7155071721161,False
cyclopropylbenzene,873-49-4,1.0,aromatic,343.9,13.5,c1ccc(C2CC2)cc1,273.5834760818844,2.076532994068316,561.7022708396165,True
tetralin,119-64-2,1.0,aromatic,336.0,13.4,c1ccc2c(c1)CCCC2,454.9775745752163,392.70219280772886,514.3952734264137,False
1-isopropyl-4-methylbenzene,99-87-6,1.0,aromatic,330.3,12.9,Cc1ccc(C(C)C)cc1,280.7518294726177,255.28174750758396,303.2668187958305,False
n-tetradecylbenzene,1459-10-5,2.0,aromatic,330.3,20.2,CCCCCCCCCCCCCCc1ccccc1,300.82143488946866,291.06309269570374,312.15930157688626,False
1-ethenyl-3-methylbenzene,100-80-1,1.0,aromatic,322.4,12.8,C=Cc1cccc(C)c1,346.86490047291306,323.53958144791187,370.308750990982,False
"1,3-diethylbenzene",141-93-5,1.0,aromatic,320.9,12.8,CCc1cccc(CC)c1,356.41871154025415,335.0896968044011,380.54435228691597,False
diphenylformaldehyde,119-61-9,2.0,aromatic,319.8,19.6,O=C(c1ccccc1)c1ccccc1,580.5765298382437,450.5209506952848,722.1300699284538,True
n-tridecylbenzene,123-02-4,2.0,aromatic,319.8,12.8,CCCCCCCCCCCCCc1ccccc1,294.4024091855574,283.5394023876779,305.1432085606349,False
1-ethenyl-4-methylbenzene,622-97-9,1.0,aromatic,318.8,12.8,C=Cc1ccc(C)cc1,347.0252168909341,324.69148337260276,369.93443597361386,False
"1,2,3-trimethylbenzene",526-73-8,1.0,aromatic,315.1,12.3,Cc1cccc(C)c1C,320.13503441026444,303.09177084147075,340.4718517353049,False
(2-propenyl)-benzene,300-57-2,1.0,aromatic,310.9,12.3,C=CCc1ccccc1,241.48046560023442,231.06447681202556,251.74199249960526,False
"1,3,5-trimethylbenzene",108-67-8,1.0,aromatic,310.9,12.3,Cc1cc(C)cc(C)c1,320.4445898518883,300.46771795060175,336.4638545067787,False
"1,2,4-trimethylbenzene",95-63-6,1.0,aromatic,308.3,12.2,Cc1ccc(C)c(C)c1,320.67811511244474,301.632553108575,337.54769959629283,False
n-dodecylbenzene,123-01-3,2.0,aromatic,304.1,12.2,CCCCCCCCCCCCc1ccccc1,288.5523172861351,279.2639504683763,299.65047213532347,False
(3-butynyl)-benzene,16520-62-0,1.0,aromatic,298.9,11.7,C#CCCc1ccccc1,262.62707275887163,250.73085838297544,275.78822753152014,False
n-undecylbenzene,6742-54-7,2.0,aromatic,293.7,11.7,CCCCCCCCCCCc1ccccc1,282.87614190381805,272.0483779932436,292.62372346675494,False
"(1,1-dimethylethyl)-benzene",98-06-6,1.0,aromatic,291.1,11.6,CC(C)(C)c1ccccc1,326.311468282079,257.51053105739817,398.85891582755227,False
(1-methylethenyl)-benzene,98-83-9,1.0,aromatic,286.4,11.6,C=C(C)c1ccccc1,384.5432754016315,286.10354574501963,481.93465398604746,False
n-decylbenzene,104-72-3,2.0,aromatic,283.2,11.6,CCCCCCCCCCc1ccccc1,276.905587759746,267.5076952758823,287.83480383106485,False
n-nonylbenzene,1081-77-2,2.0,aromatic,283.2,11.6,CCCCCCCCCc1ccccc1,270.51172208141304,260.577557302627,280.930445342972,False
1-ethyl-3-methylbenzene,620-14-4,1.0,aromatic,278.0,11.1,CCc1cccc(C)c1,301.1031497063472,290.6333808659097,313.3430018872126,False
(3-butenyl)-benzene,768-56-9,1.0,aromatic,275.9,11.1,C=CCCc1ccccc1,248.23067167461346,239.03120699449025,260.35287110794263,False
"(2,2-dimethylpropyl)-benzene",1007-26-7,1.0,aromatic,272.8,11.0,CC(C)(C)Cc1ccccc1,257.01679141549357,246.739340659208,268.1307138417305,False
"1,4-diethylbenzene",105-05-5,1.0,aromatic,270.7,11.0,CCc1ccc(CC)cc1,367.1657831617124,345.47510474921694,391.995367667089,False
1-ethyl-2-methylbenzene,611-14-3,1.0,aromatic,267.0,11.0,CCc1ccccc1C,301.7052247118872,290.91632670614047,313.02411668562627,False
(3-methylbutyl)-benzene,2049-94-7,1.0,aromatic,258.1,10.5,CC(C)CCc1ccccc1,251.95190669200383,241.86643169744443,261.707824569678,False
(2-methylpropyl)-benzene,538-93-2,1.0,aromatic,257.6,10.5,CC(C)Cc1ccccc1,245.8531975969534,235.22720896336673,254.86861505715635,False
1-ethyl-4-methylbenzene,622-96-8,1.0,aromatic,257.1,10.5,CCc1ccc(C)cc1,302.42843272143557,291.9716760672833,314.2699150493029,False
n-heptylbenzene,1078-71-3,2.0,aromatic,257.1,10.5,CCCCCCCc1ccccc1,258.76674015714866,248.00319385290248,269.08566520383897,False
n-octylbenzene,2189-60-8,2.0,aromatic,257.1,10.5,CCCCCCCCc1ccccc1,265.264292688345,254.28360265154905,274.68438314617987,False
n-pentylbenzene,538-68-1,1.0,aromatic,255.0,10.5,CCCCCc1ccccc1,247.0973743462135,237.7435980896868,258.5355732415484,False
n-hexylbenzene,1077-16-3,2.0,aromatic,246.7,9.9,CCCCCCc1ccccc1,253.12959968910997,243.86770384506735,263.4485489690045,False
n-butylbenzene,104-51-8,1.0,aromatic,245.1,9.9,CCCCc1ccccc1,241.0534493458172,231.6943554270166,251.2883361116202,False
diphenyl ether,101-84-8,2.0,aromatic,241.4,9.9,c1ccc(Oc2ccccc2)cc1,205.8320997431603,162.58118380323023,253.19849325045382,False
propylbenzene,103-65-1,1.0,aromatic,235.7,9.9,CCCc1ccccc1,234.96550146320257,223.69192227204115,245.4047461731998,False
ethylbenzene,100-41-4,1.0,aromatic,223.7,9.3,CCc1ccccc1,229.67294933985482,219.17584007653755,240.0928360893908,False
"1,3-dimethylbenzene",108-38-3,1.0,aromatic,221.6,9.3,Cc1cccc(C)c1,250.42171636765826,237.4090030530918,265.03208272327345,False
phenylacetylene,536-74-3,1.0,aromatic,216.3,9.3,C#Cc1ccccc1,356.58954447714245,328.47443087413046,386.6579706191893,False
"1,4-dimethylbenzene",106-42-3,1.0,aromatic,211.1,8.8,Cc1ccc(C)cc1,252.08887015988518,238.8510534186203,265.39114507313315,False
"1,2-dimethylbenzene",95-47-6,1.0,aromatic,204.8,8.8,Cc1ccccc1C,252.18436418773877,239.4207432865991,266.4080175937804,False
(1-methylpropyl)-benzene,135-98-8,1.0,aromatic,199.1,8.7,CCC(C)c1ccccc1,227.71541308998934,203.1442781652358,256.70646478659273,False
methylcyclopentadiene dimer,26472-00-4,2.0,aromatic,189.2,8.2,CC1=CC2C3CC(C=C3C)C2C1,202.86135408260378,179.74995289456055,224.81989183347582,False
isopropylbenzene,98-82-8,1.0,aromatic,187.6,8.2,CC(C)c1ccccc1,225.42374447337374,200.46057103056825,255.0664362748026,False
"1-methyl-1,4-cyclohexadiene",4313-57-9,1.0,aliphatic,175.6,7.7,CC1=CCC=CC1,112.16470504004197,102.68680035300127,122.21263837262337,False
styrene,100-42-5,1.0,aromatic,174.0,7.7,C=Cc1ccccc1,314.77120677833375,289.7892409468855,337.65006382667474,False
toluene,108-88-3,1.0,aromatic,170.9,7.7,Cc1ccccc1,177.7519848961692,163.2799879965712,192.30447526323996,False
dicyclopentadiene,77-73-6,2.0,aromatic,157.8,7.2,C1=CC2C3C=CC(C3)C2C1,138.87613529818725,121.70378384679023,154.6205937880217,False
bromobenzene,108-86-1,1.0,aromatic,137.4,6.7,Brc1ccccc1,92.98165817311371,-35.0377600949102,221.4336898797748,True
chlorobenzene,108-90-7,1.0,aromatic,128.0,6.7,Clc1ccccc1,90.00809458001817,-39.744548346386296,209.34546261414613,True
cyanobenzene,100-47-0,1.0,aromatic,115.0,6.3,N#Cc1ccccc1,280.64573694863634,156.51852275526423,411.5551147394347,True
ethoxybenzene,103-73-1,1.0,aromatic,112.3,6.3,CCOc1ccccc1,122.53085253451403,102.7943136266488,140.7544115501173,False
methoxybenzene,100-66-3,1.0,aromatic,107.1,5.8,COc1ccccc1,116.67594302358088,96.02341744962787,133.9324638426646,False
fluorobenzene,462-06-6,1.0,aromatic,106.6,5.8,Fc1ccccc1,87.58701620293758,-33.357170500552655,227.7960644733123,True
cis + trans decahydronaphthalene,91-17-8,2.0,aromatic,105.5,5.8,C1CCC2CCCCC2C1,84.2915014011657,78.9223733497403,89.12819596785232,False
"1,4-cyclohexadiene",628-41-1,1.0,aliphatic,101.4,5.8,C1=CCC=CC1,86.17022177460835,75.67552429690636,95.6979457894674,False
benzene,71-43-2,1.0,aromatic,100.3,5.8,c1ccccc1,109.13646205740473,88.62856050212636,131.19289764873164,False
bicyclohexyl,92-51-3,2.0,aromatic,100.3,3.5,C1CCC(C2CCCCC2)CC1,100.57652451340587,94.0267829477816,106.50504865656968,False
"2,2,4,6,6-pentamethylheptane",13475-82-6,3.0,linear alkanes,99.3,2.9,CC(CC(C)(C)C)CC(C)(C)C,96.556470089671,91.64917419990856,101.57752396601852,False
"1,3-cyclohexadiene",592-57-4,1.0,aliphatic,98.8,5.8,C1=CCCC=C1,86.42979475177637,74.98371686116127,95.61249415881437,False
1-methylcyclopentene,693-89-0,3.0,cyclic alkenes,96.5,2.8,CC1=CCCC1,79.98453862489733,69.55051241650216,90.87700533691016,False
1-dodecene,112-41-4,3.0,alkenes,90.3,2.6,C=CCCCCCCCCCC,77.77476938456564,74.15493758991377,80.97131420697829,False
"2,4,4-trimethyl-2-pentene",107-40-4,3.0,alkenes,89.3,2.6,CC(C)=CC(C)(C)C,73.0979794671602,69.92756592909892,76.25471725025318,False
"2,3,4-trimethyl-2-pentene",565-77-5,3.0,alkenes,87.0,2.5,CC(C)=C(C)C(C)C,70.93924125525342,65.64083995636783,75.72383184550172,False
"1,2,4-trimethylcyclohexane",2234-75-5,3.0,cyclic alkanes,82.8,2.4,CC1CCC(C)C(C)C1,82.35098231214556,75.29543865822619,89.9381979929423,False
butylcyclohexane,1678-93-9,3.0,cyclic alkanes,76.8,2.2,CCCCC1CCCCC1,73.29884917674349,70.55392314160135,76.11470463087454,False
1-decene,872-05-9,3.0,alkenes,74.8,2.2,C=CCCCCCCCC,65.99945883982991,63.39426542553451,68.87520634483283,False
isopropylcyclohexane,696-29-7,3.0,cyclic alkanes,74.7,2.2,CC(C)C1CCCCC1,72.20063163272067,68.90698406248096,75.18198863250605,False
1-octyne,629-05-0,3.0,alkynes/alkadienes,74.1,2.2,C#CCCCCCC,65.95498461845493,55.14559256460561,75.85682862959806,False
"2,3,3-trimethyl-1-butene",594-56-9,3.0,alkenes,72.8,2.2,C=C(C)C(C)(C)C,63.6520476175487,60.03040247950772,66.73808764254342,False
n-dodecane,112-40-3,3.0,linear alkanes,71.7,2.1,CCCCCCCCCCCC,70.38563797767816,67.24590600292656,73.88797247677593,False
cyclopentene,142-29-0,3.0,cyclic alkenes,70.2,2.1,C1=CCCC1,53.515750327982445,48.29893810495687,59.24220343167816,False
propylcyclohexane,1678-92-8,3.0,cyclic alkanes,69.2,2.1,CCCC1CCCCC1,67.49226366381882,64.96542128752641,70.29725483322221,False
"2,4,4-trimethyl-1-pentene",107-39-1,3.0,alkenes,68.5,2.1,C=C(C)CC(C)(C)C,70.49312524902754,67.52105168247587,73.98187901336759,False
"1,1-dimethylcyclohexane",590-66-9,3.0,cyclic alkanes,67.9,2.1,CC1(C)CCCCC1,51.561621060341736,-85.63499255162873,186.0079871311223,True
"2-methyl-1,5-hexadiene",4049-81-4,3.0,alkynes/alkadienes,67.7,2.1,C=CCCC(=C)C,60.710917056735894,56.53788102411463,65.34659068618467,False
"1,3-dimethylcyclohexane",591-21-9,3.0,cyclic alkanes,67.6,2.1,CC1CCCC(C)C1,69.15452666039789,65.35524064114499,73.68066234060042,False
"1,4-dimethylcyclohexane",589-90-2,3.0,cyclic alkanes,67.6,2.1,CC1CCC(C)CC1,69.2666800625571,64.60660396810624,73.36353029485431,False
"2,2,4,4-tetramethyl-3-pentanone",815-24-7,3.0,saturated alkanone,65.8,2.0,CC(C)(C)C(=O)C(C)(C)C,65.91424617505832,61.07927551116052,70.90714700563105,False
"cis 1,2-dimethylcyclohexane",2207-01-4,3.0,cyclic alkanes,65.2,2.0,C[C@H]1CCCC[C@H]1C,69.49819624978628,65.07322378834954,73.67185173361966,False
n-undecane,1120-21-4,3.0,linear alkanes,64.7,2.0,CCCCCCCCCCC,64.51540311649427,61.76416059888561,67.52763530686249,False
2-methyl-2-heptene,627-97-4,3.0,alkenes,64.5,2.0,CCCCC=C(C)C,63.20415365418893,60.64506846716487,66.09234179251004,False
1-nonene,124-11-8,3.0,alkenes,64.4,2.0,C=CCCCCCCC,60.39163433103249,57.61874845411935,62.880031480636035,False
isoamyl ether,544-01-4,3.0,saturated ethers,63.6,2.0,CC(C)CCOCCC(C)C,63.436739318131714,60.13227182222691,67.28668652184828,False
"2,3-dimethyl-2-butene",563-79-1,3.0,alkenes,62.4,2.0,CC(C)=C(C)C,54.85615867155752,50.33121476421297,60.208511059167655,False
"3,5,5-trimethylhexanal",5435-64-3,3.0,saturated aldehyde,62.3,2.0,CC(CC=O)CC(C)(C)C,59.08903120467356,55.395403366977334,62.84083964249946,False
methyl cyclopentyl ether,5614-37-9,3.0,saturated ethers,62.3,2.0,COC1CCCC1,38.09736535791498,27.625014103083718,48.732863437546136,False
"2,2,4-trimethylpentane",540-84-1,3.0,linear alkanes,61.7,2.0,CC(C)CC(C)(C)C,62.077413931193554,59.62359001169113,64.33316224519496,False
"4,4-dimethyl-1-pentene",762-62-9,3.0,alkenes,61.4,2.0,C=CCC(C)(C)C,59.196600689467616,56.01637575877728,62.053627142888104,False
"2,3,4-trimethylpentane",565-75-3,3.0,linear alkanes,60.9,2.0,CC(C)C(C)C(C)C,60.73211771160718,57.410135896087006,64.3964991966974,False
ethylcyclohexane,1678-91-7,3.0,cyclic alkanes,60.7,2.0,CCC1CCCCC1,61.608288522863745,59.177849251528556,64.27643256228102,False
"2,3-dimethylheptane",3074-71-3,3.0,linear alkanes,60.2,2.0,CCCCC(C)C(C)C,62.15720070250294,59.77225321908754,64.51377757585126,False
3-ethyl-2-pentene,816-79-5,3.0,alkenes,59.8,2.0,CC=C(CC)CC,57.13127390380062,54.70867525748626,59.69494072740834,False
trans 4-octene,14850-23-8,3.0,alkenes,59.8,2.0,CCC/C=C/CCC,58.25957680498345,55.84877987064913,60.849472102632205,False
"2,4,4-trimethyl-1-pentanol",16325-63-6,3.0,saturated alcohols,59.0,2.0,CC(CO)CC(C)(C)C,57.96244282977227,54.77790491184447,61.083696768249574,False
trans 3-octene,14919-01-8,3.0,alkenes,58.8,2.0,CC/C=C/CCCC,58.34125721018253,55.678034834272054,61.07108379850217,False
ethylcyclopentane,1640-89-7,3.0,cyclic alkanes,58.6,2.0,CCC1CCCC1,53.54683212239388,51.24369045665446,55.70774548634692,False
cyclooctane,292-64-8,3.0,cyclic alkanes,57.7,2.0,C1CCCCCCC1,57.73229118826036,52.3367801691903,64.29973486996474,False
n-decane,124-18-5,3.0,linear alkanes,57.2,2.0,CCCCCCCCCC,58.617530463765874,56.43912266348603,61.35719325478068,False
trans 2-octene,13389-42-9,3.0,alkenes,56.7,2.0,C/C=C/CCCCC,58.41254241437959,55.87845134838837,61.34578152991885,False
2-methyl-1-heptene,15870-10-7,3.0,alkenes,56.6,2.0,C=C(C)CCCCC,59.85036790594553,56.91169897080405,62.59195546572576,False
"2,4-dimethylhexane",589-43-5,3.0,linear alkanes,56.1,2.0,CCC(C)CC(C)C,55.99337695155439,53.868791326054975,58.30647590161527,False
"2,5-dimethylhexane",592-13-2,3.0,linear alkanes,56.1,2.0,CC(C)CCC(C)C,56.04443851212238,53.657571500299646,58.358069165603034,False
1-octene,111-66-0,3.0,alkenes,56.0,2.0,C=CCCCCCC,54.630165293743715,52.143752593790545,56.888994335638586,False
"2,6-dimethyl-4-heptanone",108-83-8,3.0,saturated alkanone,55.8,2.0,CC(C)CC(=O)CC(C)C,53.8902421629619,50.685002166149,57.06952725978622,False
4-methyl-1-hexene,3769-23-1,3.0,alkenes,55.8,2.0,C=CCC(C)CC,53.38871228511382,50.86369640531765,55.691512310675186,False
"2,2,3-trimethylbutane",464-06-2,3.0,linear alkanes,55.3,2.0,CC(C)C(C)(C)C,56.195257128031685,53.590224346057866,58.640878169096325,False
"3,4-dimethylhexane",583-48-2,3.0,linear alkanes,55.2,2.0,CCC(C)C(C)CC,56.202681229324945,53.82267845390939,58.425692129060124,False
2-pentyne,627-21-4,3.0,alkynes/alkadienes,54.7,2.0,CC#CCC,177.97130377184843,117.16293301802818,242.56571527596725,False
cis 4-methyl-2-pentene,691-38-3,3.0,alkenes,54.1,2.0,C/C=C\C(C)C,50.95648643403098,48.14531455753024,53.71548055734641,False
sec-butyl ether,6863-58-7,3.0,saturated ethers,54.0,2.0,CCC(C)OC(C)CC,47.909737800156805,43.261816971202116,52.18191120343937,False
3-methyl-2-pentene,922-61-2,3.0,alkenes,53.7,2.0,C/C=C(\C)CC,51.161122392370174,48.49936890556219,53.758167766569244,False
2-methyl-2-pentene,625-27-4,3.0,alkenes,53.6,2.0,CCC=C(C)C,51.12731704611244,48.527774088227666,53.67429886731019,False
methylcyclohexane,108-87-2,3.0,cyclic alkanes,53.6,2.0,CC1CCCCC1,55.6974940632352,53.008521925012644,58.40406949879842,False
trans 3-heptene,14686-14-7,3.0,alkenes,53.5,2.0,CC/C=C/CCC,52.24688497819974,49.77939678247529,54.97674194287842,False
"2,3-dimethyl-1-butene",563-78-0,3.0,alkenes,53.4,2.0,C=C(C)C(C)C,52.3563022103218,49.307657582154356,55.10571574123681,False
"3,3-dimethyl-1-butene",558-37-2,3.0,alkenes,53.1,2.0,C=CC(C)(C)C,53.438875553622566,50.01521975068878,56.60639140432872,False
"2,2-dimethylhexane",590-73-8,3.0,linear alkanes,52.8,2.0,CCCCC(C)(C)C,57.5419925884039,55.24279503013085,60.20064011853081,False
decanal,112-31-2,3.0,saturated aldehyde,52.8,2.0,CCCCCCCCCC=O,49.678517356424074,46.28602891694041,53.068168187175516,False
2-decanone,693-54-9,3.0,saturated alkanone,51.9,2.0,CCCCCCCCC(C)=O,50.357095755555065,47.90109896100311,53.184243221191366,False
cis 2-heptene,6443-92-1,3.0,alkenes,50.8,2.0,C/C=C\CCCC,52.487821381004764,50.07259918913944,55.38776229405175,False
2-propyl-1-pentanol,58175-57-8,3.0,saturated alcohols,50.5,2.0,CCCC(CO)CCC,47.309864179333985,45.02413367197429,49.57816035897745,False
2-ethyl-1-hexanol,104-76-7,3.0,saturated alcohols,50.4,2.0,CCCCC(CC)CO,47.316017879998626,45.04063285180996,49.471014702307045,False
methylcyclopentane,96-37-7,3.0,cyclic alkanes,50.3,2.0,CC1CCCC1,47.63080968768549,45.329377579995736,50.26962708893733,False
3-decanone,928-80-3,3.0,saturated alkanone,50.2,2.0,CCCCCCCC(=O)CC,50.47304785659802,47.65996132822805,53.5212152841925,False
4-methyl-1-pentene,691-37-2,3.0,alkenes,50.2,2.0,C=CCC(C)C,47.25843382403122,44.42278544366491,49.773903614361686,False
n-nonane,111-84-2,3.0,linear alkanes,50.1,2.0,CCCCCCCCC,52.6544144273191,50.32641859924931,55.0192151364088,False
cycloheptane,291-64-5,3.0,cyclic alkanes,50.0,2.0,C1CCCCCC1,49.89610866460218,45.092924071427475,54.91447753364491,False
"2,4-dimethylpentane",108-08-7,3.0,linear alkanes,49.6,2.0,CC(C)CC(C)C,50.06523879544832,47.63140884375441,52.40283692350376,False
"2,3-dimethylpentane",565-59-3,3.0,linear alkanes,49.4,2.0,CCC(C)C(C)C,50.03657505497304,47.718060424679884,52.14702129038523,False
2-methylheptane,592-27-8,3.0,linear alkanes,49.4,2.0,CCCCCC(C)C,51.296006533390226,49.33169398833887,52.84769236347284,False
2-methyl-1-hexene,6094-02-6,3.0,alkenes,49.1,2.0,C=C(C)CCCC,54.0183321847304,50.89742789913899,56.429044187058764,False
3-methylheptane,589-81-1,3.0,linear alkanes,48.7,2.0,CCCCC(C)CC,51.43955212932444,49.457826741252575,52.989584399358776,False
1-heptene,592-76-7,3.0,alkenes,48.4,2.0,C=CCCCCC,48.742406714935875,46.06290805974288,51.10041975360292,False
2-butylhexanal,18459-51-3,3.0,saturated aldehyde,48.2,2.0,CCCCC(C=O)CCCC,55.5300151685918,52.240314455926956,58.826427570900144,False
4-methylheptane,589-53-7,3.0,linear alkanes,48.1,2.0,CCCC(C)CCC,51.424867364514405,49.62639121281501,53.228305143345914,False
"3,3-dimethylpentane",562-49-2,3.0,linear alkanes,47.7,2.0,CCC(C)(C)CC,51.47792940165593,48.82335969000647,53.94217042876798,False
"2,2-dimethylpentane",590-35-2,3.0,linear alkanes,47.4,2.0,CCCC(C)(C)C,51.582956456116364,49.02871449707921,54.16110749372943,False
1-pentyne,627-19-0,3.0,alkynes/alkadienes,47.3,2.0,C#CCCC,55.623897405799966,44.51375837301169,65.47858163278275,False
trans 3-hexene,13269-52-8,3.0,alkenes,47.2,2.0,CC/C=C/CC,46.27663327235187,43.66355622088236,49.099855840256026,False
2-octanol,123-96-6,3.0,saturated alcohols,46.1,2.0,CCCCCCC(C)O,46.17818806254287,43.70924530547396,48.365421053948424,False
"2,2-dimethyl-3-pentanol",3970-62-5,3.0,saturated alcohols,46.0,2.0,CCC(O)C(C)(C)C,51.3136754667789,48.50282739863829,54.116437723655324,False
trans 2-hexene,4050-45-7,3.0,alkenes,45.8,2.0,C/C=C/CCC,46.41941124690534,43.96040235112738,49.21907401834048,False
2-ethyl-1-butene,760-21-4,3.0,alkenes,45.6,2.0,C=C(CC)CC,47.79959449286455,45.0075763248186,50.68798820249688,False
cyclohexene,110-83-8,3.0,cyclic alkenes,45.6,2.0,C1=CCCCC1,71.07974471250692,65.62514547790373,76.79226771767954,False
methyl-3-hexenoate,2396-78-3,4.0,unsaturated esters,45.3,2.0,CC/C=C/CC(=O)OC,41.50712762302349,38.485262888647334,44.57320551719873,False
2-nonanone,821-55-6,3.0,saturated alkanone,45.1,2.0,CCCCCCCC(C)=O,44.3762609448151,41.7765922933311,46.75908752592728,False
3-methyl-1-pentene,760-20-3,3.0,alkenes,45.1,2.0,C=CC(C)CC,47.591865860247225,45.1293129358158,50.475883714896746,False
5-methyl-2-hexanol,627-59-8,3.0,saturated alcohols,44.7,2.0,CC(C)CCC(C)O,44.92230286934702,42.80263551833109,47.212546006740155,False
cis 2-hexene,7688-21-3,3.0,alkenes,44.7,2.0,C/C=C\CCC,46.47064208612794,43.7426070315285,49.1514078929039,False
1-tert-butoxy-2-propanol,57018-52-7,3.0,other multi-oxygen compounds,44.0,2.0,CC(O)COC(C)(C)C,42.135356593703634,38.08455200513601,46.334035546637175,False
"2,3-dimethylbutane",79-29-8,3.0,linear alkanes,44.0,2.0,CC(C)C(C)C,44.20749837746896,41.60453764523603,46.780258234138266,False
4-octanol,589-62-8,3.0,saturated alcohols,43.8,2.0,CCCCC(O)CCC,46.25038105625801,43.90483989852505,48.70149106369724,False
nonanal,124-19-6,3.0,saturated aldehyde,43.7,2.0,CCCCCCCCC=O,43.886611977238516,40.505181947298766,47.20002010378584,False
3-octanol,589-98-0,3.0,saturated alcohols,43.6,2.0,CCCCCC(O)CC,46.33519122977415,43.93192782805791,48.50606999793134,False
isopentyl acetate,123-92-2,3.0,saturated esters,43.6,2.0,CC(=O)OCCC(C)C,35.07918872765258,32.721922752472565,37.11711640698119,False
2-methyl-2-butene,513-35-9,3.0,alkenes,43.5,2.0,CC=C(C)C,45.52948292397147,42.468488874502256,48.019961241061715,False
5-methyl-3-heptanone,541-85-5,3.0,saturated alkanone,43.5,2.0,CCC(=O)CC(C)CC,43.165596705712034,40.842173032943926,45.40372164956179,False
"2,2-dimethylbutane",75-83-2,3.0,linear alkanes,43.4,2.0,CCC(C)(C)C,45.420266862046276,42.96885529118373,48.32546593570731,False
butyl propionate,590-01-2,3.0,saturated esters,43.3,2.0,CCCCOC(=O)CC,30.21110703093698,27.965769742269085,32.0986932460335,False
3-methylhexane,589-34-4,3.0,linear alkanes,43.0,2.0,CCCC(C)CC,45.39110966515287,43.6396668334553,47.23691100783507,False
3-nonanone,925-78-0,3.0,saturated alkanone,43.0,2.0,CCCCCCC(=O)CC,44.590088264146495,41.97301624902172,47.12436595816926,False
2-methyl-1-pentene,763-29-1,3.0,alkenes,42.9,2.0,C=C(C)CCC,48.0873051952435,45.37367853628647,50.94006105241987,False
"4,4-dimethyl-2-pentanone",590-50-1,3.0,saturated alkanone,42.7,2.0,CC(=O)CC(C)(C)C,43.249931417072105,40.369768367899034,46.09699602085601,False
cyclohexane,110-82-7,3.0,cyclic alkanes,42.7,2.0,C1CCCCC1,42.040347074269775,38.25018594433497,46.56600848294448,False
"2,4-dimethyl-3-pentanone",565-80-0,3.0,saturated alkanone,42.6,2.0,CC(C)C(=O)C(C)C,41.97970423014766,38.8212659022567,45.26229743067789,False
n-octane,111-65-9,3.0,linear alkanes,42.6,2.0,CCCCCCCC,46.72453861770303,44.209256209320905,48.5203918660014,False
1-hexene,592-41-6,3.0,alkenes,42.4,2.0,C=CCCCC,42.65739403122329,40.27204778144796,45.10265131247288,False
2-methylhexane,591-76-4,3.0,linear alkanes,42.4,2.0,CCCCC(C)C,45.454588067880024,43.570092635532326,46.98923346172019,False
cyclohexanol,108-93-0,3.0,saturated alcohols,42.3,2.0,OC1CCCCC1,66.016299466781,55.61050619484008,76.46429090422079,False
4-methyl-2-pentanol,108-11-2,3.0,saturated alcohols,42.0,2.1,CC(C)CC(C)O,38.86289208261334,36.754323893949,40.990758787158285,False
methyl-2-methyl-2-pentenoate,1567-14-2,4.0,unsaturated esters,42.0,2.1,CCC=C(C)C(=O)OC,47.22896836717066,44.22465811550296,50.666045343323454,False
"2,4-dimethyl-3-pentanol",600-36-2,3.0,saturated alcohols,41.9,2.1,CC(C)C(O)C(C)C,50.296131053688605,47.23963460155931,53.29113228133425,False
2-methyl-2-hexanol,625-23-0,3.0,saturated alcohols,41.8,2.1,CCCCC(C)(C)O,43.58802402287826,40.174188201367315,46.9455578436348,False
5-nonanone,502-56-7,3.0,saturated alkanone,41.8,2.1,CCCCC(=O)CCCC,44.52909688974154,42.008881610865885,47.05742313515706,False
2-ethyl-1-butanol,97-95-0,3.0,saturated alcohols,41.7,2.1,CCC(CC)CO,35.19765944444511,33.173150980727954,37.155956705345666,False
ethyl-4-pentenoate,1968-40-7,4.0,unsaturated esters,41.2,2.1,C=CCCC(=O)OCC,38.72218284371206,36.00491840461508,41.8693808403659,False
1-octanol,111-87-5,3.0,saturated alcohols,41.1,2.1,CCCCCCCCO,42.81778204920352,40.54541753274983,45.28873212398771,False
isobutyl propionate,540-42-1,3.0,saturated esters,41.1,2.1,CCC(=O)OCC(C)C,35.266847269542765,33.035956483482714,37.428557121109705,False
"3,3-dimethyl-1-butanol",624-95-3,3.0,saturated alcohols,40.9,2.1,CC(C)(C)CCO,41.45464475385389,38.69988977736669,44.04318098840755,False
"2,3-dimethyl-2-butanol",594-60-5,3.0,saturated alcohols,40.6,2.1,CC(C)C(C)(C)O,42.32088509464394,38.562203078874774,45.565922369796645,False
"3,3-dimethyl-2-butanone",75-97-8,3.0,saturated alkanone,40.6,2.1,CC(=O)C(C)(C)C,36.96435497367291,33.75146845727116,39.676299205594695,False
3-ethyl-3-pentanol,597-49-9,3.0,saturated alcohols,40.5,2.1,CCC(O)(CC)CC,43.724373496903,40.35451701850431,46.54934779744859,False
tert-butyl propionate,20487-40-5,3.0,saturated esters,40.5,2.1,CCC(=O)OC(C)(C)C,37.08528482971845,32.86782361841291,40.538313222964035,False
"3,3-dimethyl-2-butanol",464-07-3,3.0,saturated alcohols,40.4,2.1,CC(O)C(C)(C)C,45.252890148027234,42.229446651423984,47.83091561096688,False
pentyl acetate,628-63-7,3.0,saturated esters,40.4,2.1,CCCCCOC(C)=O,30.30007804525186,27.96332064396867,32.54240487193449,False
cis 2-pentene,627-20-3,3.0,alkenes,39.8,2.1,C/C=C\CC,40.36540536824187,37.40498250376113,43.00640304807162,False
ethyl-3-methyl-2-butenoate,638-10-8,4.0,unsaturated esters,39.5,2.1,CCOC(=O)C=C(C)C,48.180745508412016,45.1701158333023,51.243378204473906,False
2-heptanol,543-49-7,3.0,saturated alcohols,39.4,2.1,CCCCCC(C)O,40.1501867248688,37.89913871542761,42.04181608301422,False
cyclopentane,287-92-3,3.0,cyclic alkanes,39.4,2.1,C1CCCC1,33.885617088576176,30.357669436011655,37.5182867054388,False
methyl-5-hexenoate,2396-80-7,4.0,unsaturated esters,39.2,2.1,C=CCCCC(=O)OC,38.07607273038577,34.89972580072784,40.907608819662805,False
methyl octanoate,111-11-5,3.0,saturated esters,38.9,2.1,CCCCCCCC(=O)OC,42.21593961488182,39.34402463795232,44.871291345790475,False
methyl-3-pentenoate,818-58-6,4.0,unsaturated esters,38.8,2.1,C/C=C/CC(=O)OC,35.61613847987442,32.75201218386443,38.633340101050536,False
dibutyl ether,142-96-1,3.0,saturated ethers,38.7,2.1,CCCCOCCCC,42.26261327205278,39.62253799641906,44.544840752378306,False
diisopropyl ether,108-20-3,3.0,saturated ethers,38.7,2.1,CC(C)OC(C)C,36.47671429568168,31.97957089636523,41.47767161705931,False
3-heptanol,589-82-2,3.0,saturated alcohols,38.5,2.1,CCCCC(O)CC,40.182934551390005,38.122509121496385,42.18019309912441,False
4-heptanol,589-55-9,3.0,saturated alcohols,38.5,2.1,CCCC(O)CCC,40.1712359551082,37.92899127318073,42.050516788331386,False
"3,3-dimethylbutanal",2987-16-8,3.0,saturated aldehyde,38.4,2.1,CC(C)(C)CC=O,36.658325923428706,33.02474402948578,39.94434963532607,False
3-methylpentane,96-14-0,3.0,linear alkanes,38.2,2.1,CCC(C)CC,39.33919585180756,37.42396616244747,41.14005175781333,False
isopentyl formate,110-45-2,3.0,saturated esters,38.2,2.1,CC(C)CCOC=O,36.665125538046865,31.430501148585776,41.40351618222401,False
methyl tert-amyl ether,994-05-8,3.0,saturated ethers,38.1,2.1,CCC(C)(C)OC,36.00823818981151,31.933634034182333,39.28157123628268,False
methyl-2-methyl-2-butenoate,6622-76-0,4.0,unsaturated esters,38.0,2.1,C/C=C(/C)C(=O)OC,41.03504711402809,37.92566722945574,44.17979116729649,False
2-octanone,111-13-7,3.0,saturated alkanone,37.9,2.1,CCCCCCC(C)=O,38.38582036512932,36.27466620751248,41.08390024970275,False
tert-butyl ethyl ether,637-92-3,3.0,saturated ethers,37.9,2.1,CCOC(C)(C)C,36.581839815218245,32.69118939738372,40.56912980289235,False
3-methyl-2-pentanol,565-60-6,3.0,saturated alcohols,37.7,2.1,CCC(C)C(C)O,39.079000026825106,36.90324818469292,41.213118161530424,False
octanal,124-13-0,3.0,saturated aldehyde,37.5,2.1,CCCCCCCC=O,38.01949169676038,35.13990178702125,41.272669737328535,False
propyl butyrate,105-66-8,3.0,saturated esters,37.3,2.1,CCCOC(=O)CCC,30.452795751434337,28.28215409061464,32.67499145189086,False
propyl-2-methyl-2-propenoate,2210-28-8,4.0,unsaturated esters,37.1,2.1,C=C(C)C(=O)OCCC,44.406028674405285,40.74417662842526,47.5461088086991,False
2-methylpentane,107-83-5,3.0,linear alkanes,36.7,2.1,CCCC(C)C,39.35784619275821,37.50512878656628,41.07258972932089,False
2-ethylhexanal,123-05-7,3.0,saturated aldehyde,36.6,2.1,CCCCC(C=O)CC,43.2657160501099,40.381315576404425,46.32799840235891,False
ethyl isopentanoate,108-64-5,3.0,saturated esters,36.6,2.1,CCOC(=O)CC(C)C,35.435995227680294,33.325101864465196,37.76699940621061,False
2-methyl-2-pentanol,590-36-3,3.0,saturated alcohols,36.4,2.1,CCCC(C)(C)O,37.51057920393161,34.24311585245339,40.65236371172973,False
methyl-3-methyl-2-butenoate,924-50-5,4.0,unsaturated esters,36.4,2.1,COC(=O)C=C(C)C,41.13777986602608,38.02684597984277,44.13509184435988,False
3-methyl-1-pentanol,589-35-5,3.0,saturated alcohols,36.3,2.1,CCC(C)CCO,35.416851174135815,33.46414194553017,37.42183241946894,False
isopropyl butyrate,638-11-9,3.0,saturated esters,36.3,2.1,CCCC(=O)OC(C)C,33.936087827031045,31.61139492062488,37.0747132870187,False
3-octanone,106-68-3,3.0,saturated alkanone,36.0,2.2,CCCCCC(=O)CC,38.52782860072111,35.88566908292676,40.77174456207534,False
butyl acetate,123-86-4,3.0,saturated esters,36.0,2.2,CCCCOC(C)=O,24.305375101110943,22.251750926549427,26.42358160606385,False
n-heptane,142-82-5,3.0,linear alkanes,36.0,2.2,CCCCCCC,40.78277635027219,38.723541868158954,42.797608308487504,False
2-methyl-3-hexanone,7379-12-6,3.0,saturated alkanone,35.9,2.2,CCCC(=O)C(C)C,37.307873994651246,34.8261601037274,39.78150918317698,False
methyl-2-hexenoate,13894-63-8,4.0,unsaturated esters,35.9,2.2,CCC/C=C/C(=O)OC,42.35944062711896,39.28049385594204,45.38884763443171,False
2-methyl-1-pentanol,105-30-6,3.0,saturated alcohols,35.8,2.2,CCCC(C)CO,35.46096939673987,33.44551123799483,37.448308643709275,False
pentyl formate,638-49-3,3.0,saturated esters,35.7,2.2,CCCCCOC=O,31.925913623535877,26.536696343248792,36.094916866596286,False
4-methyl-1-pentanol,626-89-1,3.0,saturated alcohols,35.6,2.2,CC(C)CCCO,35.42671556732197,33.57751695253022,37.383931325306264,False
sec-butyl acetate,105-46-4,3.0,saturated esters,34.9,2.2,CCC(C)OC(C)=O,27.810725915059464,24.841992011054792,30.63340531976806,False
isobutyl acetate,110-19-0,3.0,saturated esters,34.8,2.2,CC(=O)OCC(C)C,29.287482409303486,27.251917348460132,31.598807586652683,False
1-heptanol,111-70-6,3.0,saturated alcohols,34.7,2.2,CCCCCCCO,36.769305359241415,34.56322615101851,38.8820009820037,False
dipropyl carbonate,623-96-1,3.0,other multi-oxygen compounds,34.5,2.2,CCCOC(=O)OCCC,30.784994903178788,19.790351877956304,41.338395965935874,False
cyclohexanone,108-94-1,3.0,saturated alkanone,34.3,2.2,O=C1CCCCC1,30.430021966086546,9.7157981470184,47.88215726699516,False
2-hexanol,626-93-7,3.0,saturated alcohols,34.1,2.2,CCCCC(C)O,34.17983599052353,32.1867431917724,35.93269844137033,False
ethyl-2-methyl-2-butenoate,5837-78-5,4.0,unsaturated esters,34.0,2.2,C/C=C(\C)C(=O)OCC,48.50439324060668,45.21517650959938,51.59381742303865,False
3-hexanol,623-37-0,3.0,saturated alcohols,33.9,2.2,CCCC(O)CC,34.116061844821,32.2783117118441,36.333736627696226,False
heptanal,111-71-7,3.0,saturated aldehyde,33.8,2.2,CCCCCCC=O,31.991508058322523,28.93693135910153,34.60630872039244,False
methyl-2-pentenoate,15790-88-2,4.0,unsaturated esters,33.6,2.2,CC/C=C/C(=O)OC,36.04308782040424,33.13972773213345,39.040823056251774,False
3-methyl-2-butanol,598-75-4,3.0,saturated alcohols,33.3,2.2,CC(C)C(C)O,32.922060996974714,30.728484248990558,35.286051449644866,False
methyl-4-pentenoate,818-57-5,4.0,unsaturated esters,33.3,2.2,C=CCCC(=O)OC,32.058445643050845,29.171603843587114,35.17679755628888,False
3-methoxy-3-methyl-1-butanol,56539-66-3,3.0,other multi-oxygen compounds,33.2,2.2,COC(C)(C)CCO,32.00311710528385,28.14042643735001,35.73419141406186,False
2-methyl-2-butanol,75-85-4,3.0,saturated alcohols,32.9,2.2,CCC(C)(C)O,31.32393894142151,27.838572669027688,34.60638762924807,False
4-methyl-2-pentanone,108-10-1,3.0,saturated alkanone,32.8,2.2,CC(=O)CC(C)C,31.177829975559764,28.941058443433057,33.794671450086895,False
tert-butyl acetate,540-88-5,3.0,saturated esters,32.7,2.2,CC(=O)OC(C)(C)C,31.30961805538255,27.161843898241308,35.002575314787435,False
methyl heptanoate,106-73-0,3.0,saturated esters,32.5,2.2,CCCCCCC(=O)OC,36.206794092819926,33.52695753965495,38.78277401890459,False
2-methyl-1-butanol,137-32-6,3.0,saturated alcohols,32.3,2.2,CCC(C)CO,29.478250518575962,27.32223056214956,31.40740075077277,False
3-methyl-1-butanol,123-51-3,3.0,saturated alcohols,31.9,2.2,CC(C)CCO,29.40793639978152,27.420885219687374,31.366355382381666,False
propyl propionate,106-36-5,3.0,saturated esters,31.9,2.2,CCCOC(=O)CC,24.479422365798555,22.357938051472686,26.57444506599719,False
1-butoxy-2-propanol,5131-66-8,3.0,other multi-oxygen compounds,31.7,2.2,CCCCOCC(C)O,35.83961969287918,33.11739631920066,39.009266730733124,False
methyl tert-butyl ether,1634-04-4,3.0,saturated ethers,31.5,2.2,COC(C)(C)C,30.156432423134547,26.480514604542996,33.99216565428407,False
butyl formate,592-84-7,3.0,saturated esters,31.0,2.3,CCCCOC=O,25.60111170713774,20.653608987486873,30.094679558565964,False
methyl trimethylacetate,598-98-1,3.0,saturated esters,30.8,2.3,COC(=O)C(C)(C)C,34.998636061220495,32.32329332847925,38.14084934434835,False
2-methyl-3-pentanone,565-69-5,3.0,saturated alkanone,30.7,2.3,CCC(=O)C(C)C,31.22244322307244,28.866033681061385,33.88291403597673,False
3-heptanone,106-35-4,3.0,saturated alkanone,30.7,2.3,CCCCC(=O)CC,32.54601648335858,30.215317816349653,34.5521420827291,False
"2,2-dimethylpropanal",630-19-3,3.0,saturated aldehyde,30.6,2.3,CC(C)(C)C=O,30.976851057183616,27.38028495078463,34.302506053475405,False
2-heptanone,110-43-0,3.0,saturated alkanone,30.4,2.3,CCCCCC(C)=O,32.56722681622283,30.22644230259689,34.94907530337641,False
isobutyl formate,542-55-2,3.0,saturated esters,30.4,2.3,CC(C)COC=O,31.255632738652807,26.78637036197828,36.266441825250254,False
n-hexane,110-54-3,3.0,linear alkanes,30.4,2.3,CCCCCC,34.628628173322014,32.68223650683402,37.00100692903239,False
ethyl-2-butenoate,623-70-1,4.0,unsaturated esters,30.3,2.3,C/C=C/C(=O)OCC,36.88533047291668,33.59081722629267,39.95291653727083,False
2-pentanol,6032-29-7,3.0,saturated alcohols,30.2,2.3,CCCC(C)O,28.08952442455247,25.931217113323385,30.06409855088374,False
1-hexanol,111-27-3,3.0,saturated alcohols,30.0,2.3,CCCCCCO,30.677837274206933,28.64169466032254,32.602101470024515,False
"2,2-dimethylbutyric acid",595-37-9,3.0,saturated esters,30.0,2.3,CCC(C)(C)C(=O)O,36.72730017972559,32.913279080549245,40.10646701661243,False
propyl-2-propenoate,925-60-0,4.0,unsaturated esters,30.0,2.3,C=CC(=O)OCCC,32.9788114660656,30.276361188070165,36.226775945033005,False
tert-butyl formate,762-75-4,3.0,saturated esters,30.0,2.3,CC(C)(C)OC=O,33.674882858491856,28.19839327626426,39.562293422938374,False
ethyl 2-methylbutyrate,7452-79-1,3.0,saturated esters,29.3,2.3,CCOC(=O)C(C)CC,35.617646748656256,33.53467780458607,37.82527351384029,False
3-pentanol,584-02-1,3.0,saturated alcohols,29.1,2.3,CCC(O)CC,28.205301040898714,26.317905278087036,30.188618094339414,False
2-ethylbutanal,97-96-1,3.0,saturated aldehyde,29.0,2.3,CCC(C=O)CC,30.881638277028152,28.02126639958017,33.71676286023927,False
3-methyl-2-pentanone,565-61-7,3.0,saturated alkanone,29.0,2.3,CCC(C)C(C)=O,31.45528658886665,29.028365259974194,33.732084738213786,False
methyl-2-methyl-2-propenoate,80-62-6,4.0,unsaturated esters,29.0,2.3,C=C(C)C(=O)OC,31.20241061084758,27.78928682784348,34.4647629897651,False
methyl sec-butyl ether,6795-87-5,3.0,saturated ethers,28.6,2.3,CCC(C)OC,26.783698932630777,23.474233334291384,29.723300144974427,False
4-heptanone,123-19-3,3.0,saturated alkanone,28.5,2.3,CCCC(=O)CCC,32.68852172381938,30.21068459441779,35.102947090512316,False
ethyl pentanoate,539-82-2,3.0,saturated esters,28.4,2.3,CCCCC(=O)OCC,30.797604633178224,28.64905640235582,32.657774158996915,False
methyl isopentanoate,556-24-1,3.0,saturated esters,28.4,2.3,COC(=O)CC(C)C,28.81206575424432,26.43858061572709,31.09673444017772,False
dipropyl ether,111-43-3,3.0,saturated ethers,28.0,2.3,CCCOCCC,30.167767559203064,27.767668058348598,32.70787524738932,False
3-methylbutanal,590-86-3,3.0,saturated aldehyde,27.9,2.3,CC(C)CC=O,24.65795733925126,21.419125677033612,27.695710030381285,False
2-methylpentanal,123-15-9,3.0,saturated aldehyde,27.6,2.3,CCCC(C)C=O,30.978598165086936,28.120717426636734,34.04835036767551,False
tert-butanol,75-65-0,3.0,saturated alcohols,27.5,2.3,CC(C)(C)O,25.390509851572695,22.29925617420486,29.208701220714513,False
"1,1-diethoxypropane",4744-08-5,3.0,other multi-oxygen compounds,27.3,2.4,CCOC(CC)OCC,32.62390036373474,25.051706052559027,41.1918746954944,False
methyl-2-butenoate,623-43-8,4.0,unsaturated esters,27.3,2.4,C/C=C/C(=O)OC,30.076620285573853,27.203353615758637,33.040601327272405,False
hexanal,66-25-1,3.0,saturated aldehyde,26.7,2.4,CCCCCC=O,26.0646669700875,23.047571009125125,28.750615194223407,False
methyl hexanoate,106-70-7,3.0,saturated esters,26.7,2.4,CCCCCC(=O)OC,30.13938258442919,27.866108339051294,32.664823254367924,False
3-methyl-2-butanone,563-80-4,3.0,saturated alkanone,26.6,2.4,CC(=O)C(C)C,25.20043011703965,22.488107197436136,27.58259762401004,False
tetrahydropyran,142-68-7,3.0,cyclic saturated ethers,26.5,2.4,C1CCOCC1,28.61819651987626,14.624711032257336,40.48153044523189,False
2-methyl-1-propanol,78-83-1,3.0,saturated alcohols,26.2,2.4,CC(C)CO,23.46971702903657,21.093094825756364,25.42320950405219,False
ethyl isobutyrate,97-62-1,3.0,saturated esters,26.1,2.4,CCOC(=O)C(C)C,29.579395911896526,27.33180096356415,31.597070577898954,False
2-ethylbutyric acid,88-09-5,3.0,saturated esters,25.9,2.4,CCC(CC)C(=O)O,30.43709405202076,27.563708309980143,33.46111211434514,False
1-propoxy-2-propanol,1569-01-3,3.0,other multi-oxygen compounds,25.8,2.4,CCCOCC(C)O,29.964054967750716,26.746973736843312,32.41415822383202,False
2-hexanone,591-78-6,3.0,saturated alkanone,25.6,2.4,CCCCC(C)=O,26.54627385676784,24.066387076458497,28.756582670534144,False
2-isopropoxyethanol,109-59-1,3.0,other multi-oxygen compounds,25.5,2.4,CC(C)OCCO,23.5538365252833,20.69510718175037,26.49938845845457,False
3-hexanone,589-38-8,3.0,saturated alkanone,25.5,2.4,CCCC(=O)CC,26.461424326985693,24.328704949732114,28.787128609490917,False
ethyl butyrate,105-54-4,3.0,saturated esters,25.5,2.4,CCCC(=O)OCC,24.703288107126063,22.466522480156662,26.83793155225854,False
1-pentanol,71-41-0,3.0,saturated alcohols,25.4,2.4,CCCCCO,24.687382998860908,22.704097844368853,26.74394165189686,False
ethyl-2-methyl-2-propenoate,97-63-2,4.0,unsaturated esters,25.4,2.4,C=C(C)C(=O)OCC,38.630894128730525,35.43057854138074,41.85883718804202,False
(S)-2-butanol,4221-99-2,3.0,saturated alcohols,25.3,2.4,CC[C@H](C)O,22.103857257450162,19.896200367901915,24.384567108251613,False
2-butoxyethanol,111-76-2,3.0,other multi-oxygen compounds,25.3,2.4,CCCCOCCO,26.205295646214953,23.028507976881638,29.136427472749773,False
(R)-2-butanol,14898-79-4,3.0,saturated alcohols,25.2,2.4,CC[C@@H](C)O,22.041733194559225,19.645967700382723,24.038329632598114,False
methyl 2-methylbutyrate,868-57-5,3.0,saturated esters,24.9,2.4,CCC(C)C(=O)OC,28.947089987716687,26.36240827042527,31.195408641284253,False
2-butanol,78-92-2,3.0,saturated alcohols,24.8,2.4,CCC(C)O,22.119327942900846,19.92420139067315,24.32479578011479,False
n-pentane,109-66-0,3.0,linear alkanes,24.6,2.4,CCCCC,28.676841125918642,26.5265284174072,31.066337796223344,False
propyl acetate,109-60-4,3.0,saturated esters,24.4,2.4,CCCOC(C)=O,18.53846825718253,16.428188178727773,20.821181601951245,False
isopropyl acetate,108-21-4,3.0,saturated esters,23.7,2.5,CC(=O)OC(C)C,22.057380039338536,18.96022269122399,24.979415228637805,False
methyl butyl ether,628-28-4,3.0,saturated ethers,23.0,2.5,CCCCOC,23.466454383582544,20.820141341182456,25.93257989935777,False
2-methylbutanal,96-17-3,3.0,saturated aldehyde,22.7,2.5,CCC(C)C=O,25.04709245032692,22.07604363343003,28.5596658090839,False
"1,1-diethoxyethane",105-57-7,3.0,other multi-oxygen compounds,22.4,2.5,CCOC(C)OCC,26.304659216979555,18.24232963982506,35.05571028134795,False
methyl pentanoate,624-24-8,3.0,saturated esters,22.3,2.5,CCCCC(=O)OC,24.204785076799197,22.042732375820165,26.5465579843111,False
methyl isobutyrate,547-63-7,3.0,saturated esters,22.2,2.5,COC(=O)C(C)C,22.8937750845316,20.558845712241627,25.19713111958647,False
2-methoxytetrahydropyran,6581-66-4,3.0,cyclic saturated ethers,22.1,2.5,COC1CCCCO1,25.94491295004523,-100.15013942043089,149.73990880619212,True
1-butanol,71-36-3,3.0,saturated alcohols,22.0,2.5,CCCCO,18.58193630050886,16.606609652142332,20.941604394004468,False
ethyl-2-propenoate,140-88-5,4.0,unsaturated esters,22.0,2.5,C=CC(=O)OCC,27.13348508013825,24.257442636720068,30.096351266069323,False
isobutanal,78-84-2,3.0,saturated aldehyde,21.2,2.5,CC(C)C=O,18.770374750666893,15.52094897064531,21.803443884142784,False
2-pentanone,107-87-9,3.0,saturated alkanone,21.1,2.5,CCCC(C)=O,20.450324317911477,17.966593540140522,22.88525907923253,False
3-pentanone,96-22-0,3.0,saturated alkanone,21.1,2.5,CCC(=O)CC,20.479233288204505,17.94680388895962,23.062287708502772,False
pentanal,110-62-3,3.0,saturated aldehyde,21.1,2.5,CCCCC=O,20.06522957603816,17.299413236073814,23.618109488692507,False
"1,2-diethoxyethane",629-14-1,3.0,other multi-oxygen compounds,20.4,2.6,CCOCCOCC,26.16628109526629,21.367496446469023,31.177237115466788,False
ethyl propionate,105-37-3,3.0,saturated esters,20.3,2.6,CCOC(=O)CC,18.70912477261774,16.401113991824204,21.04782480160841,False
isopropyl formate,625-55-8,3.0,saturated esters,20.3,2.6,CC(C)OC=O,24.19302674316966,19.600838016084126,29.492981243572327,False
propyl formate,110-74-7,3.0,saturated esters,20.3,2.6,CCCOC=O,20.258650015153627,15.726873068095433,24.88748105636125,False
tetrahydrofuran,109-99-9,3.0,cyclic saturated ethers,20.3,2.6,C1CCOC1,18.37205117072567,7.459469271369816,31.239617083721047,False
1-methoxy-2-butanol,53778-73-7,3.0,other multi-oxygen compounds,19.8,2.6,CCC(O)COC,23.1894833846149,20.143529584973482,25.7175767052221,False
methyl-2-propenoate,96-33-3,4.0,unsaturated esters,19.4,2.6,C=CC(=O)OC,20.223651553992887,17.469214372961627,23.305176307306738,False
2-propanol,67-63-0,3.0,saturated alcohols,19.2,2.6,CC(C)O,16.237804129567174,13.944819959727354,18.813283756770996,False
"1,2-epoxybutane",106-88-7,3.0,cyclic saturated ethers,18.8,2.6,CCC1CO1,8.810552441519649,-176.79718850190926,196.72101055463426,True
isobutyric acid,79-31-2,3.0,saturated esters,18.8,2.6,CC(C)C(=O)O,18.119481023528568,14.990671479803803,21.0607443142149,False
"1,2-dimethoxypropane",7778-85-0,3.0,other multi-oxygen compounds,18.6,2.6,COCC(C)OC,21.9679800483101,17.449427509420637,26.495913308839647,False
methyl butyrate,623-42-7,3.0,saturated esters,18.6,2.6,CCCC(=O)OC,18.055848572129943,15.731522131512756,20.54061306969338,False
diethoxymethane,462-95-3,3.0,other multi-oxygen compounds,18.5,2.6,CCOCOCC,24.37761677305475,7.827728291787654,40.70320324506085,False
butyric acid,107-92-6,3.0,saturated esters,18.1,2.6,CCCC(=O)O,13.071499995249082,10.139830072852668,16.197315159567914,False
methyl propyl ether,557-17-5,3.0,saturated ethers,18.0,2.6,CCCOC,17.36672470131746,14.529832271899453,20.00976960031331,False
3-methoxy-1-propanol,1589-49-7,3.0,other multi-oxygen compounds,17.9,2.6,COCCCO,13.338586064853502,10.159378289149412,16.13894771808992,False
butanal,123-72-8,3.0,saturated aldehyde,17.6,2.6,CCCC=O,13.898675050050302,10.644568278127526,16.87956814471677,False
2-butanone,78-93-3,3.0,saturated alkanone,17.2,2.7,CCC(C)=O,14.419489676447458,11.6985775247514,17.189348601876798,False
diethyl ether,60-29-7,3.0,saturated ethers,16.8,2.7,CCOCC,18.18838449717662,15.115460598233826,20.90626551043244,False
1-methoxy-2-propanol,107-98-2,3.0,other multi-oxygen compounds,16.4,2.7,COCC(C)O,17.107201639311562,14.185191400895814,19.799806783885703,False
"2,2-dimethoxypropane",77-76-9,3.0,other multi-oxygen compounds,16.4,2.7,COC(C)(C)OC,20.383951575580628,-118.72620072677918,147.29167350993765,True
1-propanol,71-23-8,3.0,saturated alcohols,16.2,2.7,CCCO,12.626737904971325,10.378076858593456,14.819735721201937,False
diglyme,111-96-6,3.0,other multi-oxygen compounds,16.1,2.7,COCCOCCOC,20.322053275496714,14.115416929068843,27.222920702764085,False
2-ethoxyethanol,110-80-5,3.0,other multi-oxygen compounds,15.7,2.7,CCOCCO,14.234293359465616,10.911483934647343,17.663942837245237,False
diethyl carbonate,105-58-8,3.0,other multi-oxygen compounds,15.3,2.7,CCOC(=O)OCC,22.95766870259994,13.808835707149463,31.9273491287767,False
2-(2-methoxyethoxy)-ethanol,111-77-3,3.0,other multi-oxygen compounds,15.0,2.7,COCCOCCO,14.979512205701779,10.022949955302277,20.01443538635275,False
methyl propionate,554-12-1,3.0,saturated esters,15.0,2.7,CCC(=O)OC,11.994483211064509,9.702973078501776,14.520498762332302,False
"1,1-dimethoxy-2-propanone",6342-56-9,3.0,other multi-oxygen compounds,14.8,2.7,COC(OC)C(C)=O,7.46651357770644,-0.733596277416769,17.11099585995395,False
tetramethoxymethane,1850-14-2,3.0,other multi-oxygen compounds,14.8,2.7,COC(OC)(OC)OC,7.79142345164781,-129.0879357189605,128.35802856175954,True
"1,1-dimethoxyethane",534-15-6,3.0,other multi-oxygen compounds,14.2,2.8,COC(C)OC,10.749519097626143,1.9762655856687665,18.25372963028017,False
propanal (propionaldehyde),123-38-6,3.0,saturated aldehyde,13.9,2.8,CCC=O,7.83735717192974,4.29744793684082,11.021716985998989,False
"1,2-propanediol",57-55-6,3.0,other multi-oxygen compounds,13.7,2.8,CC(O)CO,12.277648598345715,9.209705516794617,15.708833315703522,False
ethyl acetate,141-78-6,3.0,saturated esters,13.4,2.8,CCOC(C)=O,12.786559880736714,9.839754294630765,15.248663394107517,False
2-propanone (acetone),67-64-1,3.0,saturated alkanone,13.0,2.8,CC(C)=O,8.264684477461223,5.067065309456257,11.209715144002313,False
trimethoxymethane,149-73-5,3.0,other multi-oxygen compounds,12.8,2.8,COC(OC)OC,8.060680100457118,-118.501130288759,137.39769564061626,True
"1,1,1-trimethoxyethane",1445-45-0,3.0,other multi-oxygen compounds,12.7,2.8,COC(C)(OC)OC,19.15719956503721,-121.99874458848026,134.15068241506205,True
"1,2-dimethoxyethane",110-71-4,3.0,other multi-oxygen compounds,11.8,2.8,COCCOC,12.392221647869764,7.597323424413171,17.180976926263643,False
methyl acetate,79-20-9,3.0,saturated esters,11.7,2.8,COC(C)=O,5.93413227238568,3.041228569942594,8.407514925627387,False
dimethoxymethane,109-87-5,3.0,other multi-oxygen compounds,10.9,2.9,COCOC,5.221241477718902,-10.047960408792243,18.000327552514506,False
dimethyl carbonate,616-38-6,3.0,other multi-oxygen compounds,10.5,2.9,COC(=O)OC,6.241595499698899,-3.462083988641673,16.132578691116176,False
"1,3-dioxolane",646-06-0,3.0,cyclic saturated ethers,10.3,2.9,C1COCO1,5.95655398936856,-122.33427635240258,138.54145562485724,True
ethanol,64-17-5,3.0,saturated alcohols,10.3,2.9,CCO,6.670901497140486,4.0658684933545075,9.46227586067998,False
2-hydroxy-methylpropionate,27871-49-4,3.0,other multi-oxygen compounds,9.6,2.9,COC(=O)[C@H](C)O,11.752563511382522,8.988744699463696,15.01734277917697,False
ethyl formate,109-94-4,3.0,saturated esters,9.2,2.9,CCOC=O,14.94069357010979,10.218812480885163,19.74818794253045,False
"1,2-ethanediol (ethylene glycol)",107-21-1,3.0,other multi-oxygen compounds,8.2,3.0,OCCO,2.4780392246159346,-1.3639687284289899,6.1874376828765785,False
methanol,67-56-1,3.0,saturated alcohols,6.6,3.0,CO,-0.35945521307836237,-3.5254146619589823,3.4990354359247506,False
1-methyl-1-cyclohexene,591-49-1,,cyclic alkenes,62.0,3.0,CC1=CCCCC1,108.37077665241611,98.37474280141433,118.80642973046118,False
1-tert-butyl-1-cyclohexene,3419-66-7,,cyclic alkenes,161.0,5.0,CC(C)(C)C1=CCCCC1,117.05362924968158,106.08337981994816,125.92936212593784,False
1-phenyl-1-cyclohexene,771-98-2,,cyclic alkenes,468.0,14.0,C1=C(c2ccccc2)CCCC1,390.4360532069194,276.18155746907826,484.9526536743894,False
cyclooctene,931-88-4,,cyclic alkenes,78.0,4.0,C1=C\CCCCCC/1,80.62589990527286,74.54436540426998,86.39203900490557,False
3-methyl-1-cyclohexene,591-48-0,,cyclic alkenes,85.0,4.0,CC1C=CCCC1,77.86452656927362,72.86566087563901,83.67525298995798,False
4-methyl-1-cyclohexene,591-47-9,,cyclic alkenes,61.0,3.0,CC1CC=CCC1,80.36231650753929,74.60603933298,85.70679287103312,False
cycloheptene,628-92-2,,cyclic alkenes,79.0,4.0,C1=CCCCCC1,72.25855310457567,66.91448417639012,77.42738360345955,False
cyclopentanone,120-92-3,,cyclic ketone,22.0,4.0,O=C1CCCC1,26.284111972733278,14.413625391344057,38.48622917281139,False
"2,5-dimethylfuran",625-86-5,,furan,55.0,4.0,Cc1ccc(C)o1,-174.6852153079152,-466.1889671231133,65.598596315994,True
2-methyl-3-buten-2-ol,115-18-4,,unsaturated alcohol,25.0,4.0,C=CC(C)(C)O,40.31650223935091,36.341805906586636,44.66750098183723,False
